INSERT INTO `face2face`.`t_user` (`id`, `password`, `role`) VALUES ('1460', '123', 'interviewee');
INSERT INTO `face2face`.`t_user` (`id`, `password`, `role`) VALUES ('0365', '123', 'interviewee');
INSERT INTO `face2face`.`t_user` (`id`, `password`, `role`) VALUES ('0742', '123', 'interviewee');
INSERT INTO `face2face`.`t_user` (`id`, `password`, `role`) VALUES ('0299', '123', 'interviewee');
INSERT INTO `face2face`.`t_user` (`id`, `password`, `role`) VALUES ('1366', '123', 'interviewee');
INSERT INTO `face2face`.`t_user` (`id`, `password`, `role`) VALUES ('0077', '123', 'interviewee');
INSERT INTO `face2face`.`t_user` (`id`, `password`, `role`) VALUES ('0244', '123', 'interviewee');
INSERT INTO `face2face`.`t_user` (`id`, `password`, `role`) VALUES ('0025', '123', 'interviewee');
INSERT INTO `face2face`.`t_user` (`id`, `password`, `role`) VALUES ('5928', '123', 'interviewee');
INSERT INTO `face2face`.`t_user` (`id`, `password`, `role`) VALUES ('7844', '123', 'interviewee');
INSERT INTO `face2face`.`t_user` (`id`, `password`, `role`) VALUES ('8909', '123', 'interviewee');
INSERT INTO `face2face`.`t_user` (`id`, `password`, `role`) VALUES ('2885', '123', 'interviewee');
INSERT INTO `face2face`.`t_user` (`id`, `password`, `role`) VALUES ('3045', '123', 'interviewee');
INSERT INTO `face2face`.`t_user` (`id`, `password`, `role`) VALUES ('6875', '123', 'interviewee');
INSERT INTO `face2face`.`t_user` (`id`, `password`, `role`) VALUES ('2134', '123', 'interviewee');
INSERT INTO `face2face`.`t_user` (`id`, `password`, `role`) VALUES ('1427', '123', 'interviewee');
INSERT INTO `face2face`.`t_user` (`id`, `password`, `role`) VALUES ('6860', '123', 'interviewee');

INSERT INTO `face2face`.`t_user` (`id`, `password`, `role`) VALUES ('1', '123', 'interviewer');
INSERT INTO `face2face`.`t_user` (`id`, `password`, `role`) VALUES ('2', '123', 'interviewer');
INSERT INTO `face2face`.`t_user` (`id`, `password`, `role`) VALUES ('3', '123', 'interviewer');
INSERT INTO `face2face`.`t_user` (`id`, `password`, `role`) VALUES ('4', '123', 'interviewer');
INSERT INTO `face2face`.`t_user` (`id`, `password`, `role`) VALUES ('5', '123', 'interviewer');
INSERT INTO `face2face`.`t_user` (`id`, `password`, `role`) VALUES ('6', '123', 'interviewer');
INSERT INTO `face2face`.`t_user` (`id`, `password`, `role`) VALUES ('admin', 'admin', 'admin');

INSERT INTO `face2face`.`t_interviewee` (`t_user_id`, `email`, `name`, `status`) VALUES ('1460', '933@qq.com', '赵XX', 'unallocated');
INSERT INTO `face2face`.`t_interviewee` (`t_user_id`, `email`, `name`, `status`) VALUES ('0365', '602@qq.com', '高XX', 'unallocated');
INSERT INTO `face2face`.`t_interviewee` (`t_user_id`, `email`, `name`, `status`) VALUES ('0077', '302@qq.com', '沈XX', 'unallocated');
INSERT INTO `face2face`.`t_interviewee` (`t_user_id`, `email`, `name`, `status`) VALUES ('0244', '802@qq.com', '余XX', 'unallocated');
INSERT INTO `face2face`.`t_interviewee` (`t_user_id`, `email`, `name`, `status`) VALUES ('0299', '518@qq.com', '万XX', 'unallocated');
INSERT INTO `face2face`.`t_interviewee` (`t_user_id`, `email`, `name`, `status`) VALUES ('1366', '54@qq.com', '陈XXX', 'unallocated');
INSERT INTO `face2face`.`t_interviewee` (`t_user_id`, `email`, `name`, `status`) VALUES ('0742', '671@qq.com', '孙XX', 'unallocated');
INSERT INTO `face2face`.`t_interviewee` (`t_user_id`, `email`, `name`, `status`) VALUES ('0025', '226@qq.com', '杨XX', 'unallocated');
INSERT INTO `face2face`.`t_interviewee` (`t_user_id`, `email`, `name`, `status`) VALUES ('7844', '844@qq.com', 'XX伦', 'unallocated');
INSERT INTO `face2face`.`t_interviewee` (`t_user_id`, `email`, `name`, `status`) VALUES ('8909', '09@qq.com', '徐XX', 'unallocated');
INSERT INTO `face2face`.`t_interviewee` (`t_user_id`, `email`, `name`, `status`) VALUES ('5928', '97@mail.ustc.edu.cn', '陈XX', 'unallocated');
INSERT INTO `face2face`.`t_interviewee` (`t_user_id`, `email`, `name`, `status`) VALUES ('1427', '996@mail.ustc.edu.cn', '王XX', 'unallocated');
INSERT INTO `face2face`.`t_interviewee` (`t_user_id`, `email`, `name`, `status`) VALUES ('2885', '885@qq.com', '董XX', 'unallocated');
INSERT INTO `face2face`.`t_interviewee` (`t_user_id`, `email`, `name`, `status`) VALUES ('3045', '045@qq.com', '华XX', 'unallocated');
INSERT INTO `face2face`.`t_interviewee` (`t_user_id`, `email`, `name`, `status`) VALUES ('6875', '875@qq.com', '梁XX', 'unallocated');
INSERT INTO `face2face`.`t_interviewee` (`t_user_id`, `email`, `name`, `status`) VALUES ('2134', '134@qq.com', '邱XX', 'unallocated');
INSERT INTO `face2face`.`t_interviewee` (`t_user_id`, `email`, `name`, `status`) VALUES ('6860', '860@qq.com', '周XX', 'unallocated');



INSERT INTO `face2face`.`t_interviewer` (`t_user_id`, `email`, `name`) VALUES ('1', 'xxx@qq.com', '雷1');
INSERT INTO `face2face`.`t_interviewer` (`t_user_id`, `email`, `name`) VALUES ('2', 'xxx@qq.com', '雷2');
INSERT INTO `face2face`.`t_interviewer` (`t_user_id`, `email`, `name`) VALUES ('3', 'xxx@qq.com', '雷3');
INSERT INTO `face2face`.`t_interviewer` (`t_user_id`, `email`, `name`) VALUES ('4', 'xxx@qq.com', '罗1');
INSERT INTO `face2face`.`t_interviewer` (`t_user_id`, `email`, `name`) VALUES ('5', 'xxx@qq.com', '罗2');
INSERT INTO `face2face`.`t_interviewer` (`t_user_id`, `email`, `name`) VALUES ('6', 'xxx@qq.com', '罗3');


